Date,Ticker,Open,High,Low,Close,Volume
2026-04-22,VCB,59.6,59.8,59.2,59.4,3011000
2026-04-23,VCB,59.7,63.5,59.6,62.8,35200000
2026-04-24,VCB,63.0,63.0,60.6,60.6,11882500
2026-04-28,VCB,60.8,61.5,59.8,59.8,7596400
2026-04-29,VCB,59.9,60.5,59.5,59.8,6431000
2026-05-04,VCB,60.5,61.2,60.0,60.7,7506200
2026-05-05,VCB,60.6,60.7,59.7,59.9,6407700
2026-05-06,VCB,60.2,60.5,59.7,60.5,5807400
2026-05-07,VCB,60.9,61.1,60.3,60.3,6055700
2026-05-08,VCB,60.5,61.7,60.3,60.7,9970000
2026-05-11,VCB,61.0,61.1,60.2,60.3,5510000
2026-05-12,VCB,60.3,60.5,59.5,59.9,6549200
2026-05-13,VCB,59.7,61.3,59.2,60.1,8868000
2026-05-14,VCB,60.5,61.5,60.0,61.0,5612100
2026-05-15,VCB,61.3,61.7,60.7,60.7,8271800
2026-05-18,VCB,60.7,63.5,60.3,63.2,18877600
2026-05-19,VCB,63.4,65.0,62.6,64.4,24224800
2026-05-20,VCB,63.7,64.7,61.8,64.6,14381600
2026-05-21,VCB,64.6,66.2,63.8,64.9,20114300
2026-05-22,VCB,64.9,64.9,63.3,63.5,8118400
2026-05-25,VCB,63.2,64.0,62.1,63.7,5410300
2026-05-26,VCB,63.3,64.4,63.3,64.4,5623900
2026-05-27,VCB,64.4,64.5,63.8,64.2,4185600
2026-05-28,VCB,64.2,64.2,62.8,62.8,4972400
2026-05-29,VCB,63.0,63.0,61.8,62.0,5820000
2026-06-01,VCB,62.3,62.8,61.7,62.2,2924300
2026-06-02,VCB,62.3,62.7,61.6,61.6,5063900
2026-06-03,VCB,61.7,62.5,61.4,61.9,4431300
2026-06-04,VCB,61.8,62.5,61.7,62.2,3910600
2026-06-05,VCB,62.4,62.5,61.6,61.7,4011200
2026-06-08,VCB,61.2,62.1,60.9,61.3,7352300
2026-06-09,VCB,61.3,61.7,61.0,61.5,2564800
2026-06-10,VCB,61.6,62.2,61.6,61.7,2309200
2026-06-11,VCB,61.5,61.9,61.3,61.6,2588500
2026-06-12,VCB,61.9,62.1,61.6,61.6,3152300
2026-06-15,VCB,62.3,62.4,61.6,61.6,5222300
2026-06-16,VCB,61.8,62.3,61.6,61.8,3110000
2026-06-17,VCB,61.8,62.4,61.6,62.2,6825500
2026-06-18,VCB,62.3,62.4,61.6,61.6,4650700
2026-06-19,VCB,61.9,61.9,61.2,61.7,4869000
2026-06-22,VCB,61.7,61.8,61.2,61.3,2686300
2026-06-23,VCB,61.7,62.6,61.3,61.3,5176000
2026-06-24,VCB,61.4,61.6,61.0,61.0,2542500
2026-06-25,VCB,61.1,61.3,60.8,60.8,3093500
2026-06-26,VCB,61.0,61.5,60.8,61.4,3344300
2026-06-29,VCB,61.6,62.2,61.4,62.0,5481600
2026-06-30,VCB,62.2,62.6,61.9,62.2,4622500
2026-07-01,VCB,62.4,63.0,62.1,63.0,4232900
2026-07-02,VCB,63.0,63.1,62.1,62.1,2744500
2026-07-03,VCB,62.3,62.4,62.0,62.0,2601900
2026-07-06,VCB,62.0,62.5,60.7,61.2,4173100
2026-07-07,VCB,61.2,61.5,60.9,61.3,2547200
2026-07-08,VCB,61.3,61.8,61.1,61.6,2051000
2026-07-09,VCB,61.3,61.5,61.0,61.1,2209800
2026-07-10,VCB,61.1,61.5,60.5,60.5,3016400
2026-07-13,VCB,60.5,60.5,58.8,58.9,6789000
2026-07-14,VCB,58.9,59.5,58.6,59.2,2829200
2026-07-15,VCB,59.2,59.4,58.7,59.2,2633300
2026-07-16,VCB,59.1,59.8,58.4,59.4,3349700
2026-07-17,VCB,59.3,59.3,58.5,58.5,1990100
2026-07-20,VCB,58.8,58.8,56.3,56.7,8536800
2026-04-22,VIC,193.6,207.2,191.2,207.2,4713700
2026-04-23,VIC,212.0,218.9,209.1,214.5,4258100
2026-04-24,VIC,215.2,221.9,208.0,212.1,4235200
2026-04-28,VIC,210.0,226.9,209.8,225.5,5194900
2026-04-29,VIC,227.8,227.8,213.8,214.0,5786200
2026-05-04,VIC,217.0,220.0,204.0,212.0,3884000
2026-05-05,VIC,211.9,224.8,210.3,219.5,2877500
2026-05-06,VIC,220.5,223.0,214.5,219.5,3130600
2026-05-07,VIC,219.5,231.0,218.0,224.0,4299400
2026-05-08,VIC,223.6,227.3,218.0,226.0,3703600
2026-05-11,VIC,225.9,230.0,219.5,223.0,4626200
2026-05-12,VIC,222.0,225.6,215.1,222.0,4023400
2026-05-13,VIC,223.0,224.0,206.5,221.0,6456000
2026-05-14,VIC,218.0,232.0,211.5,229.8,3746700
2026-05-15,VIC,229.8,231.8,224.0,228.0,3910800
2026-05-18,VIC,226.8,228.8,221.7,225.0,2674600
2026-05-19,VIC,225.0,227.0,221.0,225.1,3376900
2026-05-20,VIC,225.1,230.2,222.2,226.7,3788300
2026-05-21,VIC,227.2,228.5,216.4,218.7,5372600
2026-05-22,VIC,218.5,218.5,209.3,216.5,4167600
2026-05-25,VIC,216.6,221.2,216.5,218.8,2333800
2026-05-26,VIC,218.8,218.8,212.5,213.0,2400500
2026-05-27,VIC,213.0,214.0,204.9,210.8,4515900
2026-05-28,VIC,209.1,217.5,206.1,210.8,3051200
2026-05-29,VIC,211.0,214.3,209.5,211.3,2017000
2026-06-01,VIC,211.4,212.5,204.5,204.9,2098200
2026-06-02,VIC,204.9,210.9,202.0,204.9,1679300
2026-06-03,VIC,204.7,204.9,191.0,197.6,5110300
2026-06-04,VIC,197.6,200.6,193.3,200.2,2507200
2026-06-05,VIC,200.3,210.3,200.3,207.0,3581100
2026-06-08,VIC,204.9,204.9,195.0,195.0,3271900
2026-06-09,VIC,198.0,198.0,192.7,193.2,1810400
2026-06-10,VIC,193.0,196.5,190.8,196.0,1395000
2026-06-11,VIC,193.0,196.1,191.9,196.0,1716200
2026-06-12,VIC,198.5,198.7,192.9,195.5,3276100
2026-06-15,VIC,196.1,197.5,184.7,192.6,4609900
2026-06-16,VIC,192.8,195.7,190.8,194.0,2893300
2026-06-17,VIC,190.0,192.9,186.7,192.0,3936100
2026-06-18,VIC,196.0,205.4,195.1,205.4,6434200
2026-06-19,VIC,206.7,207.5,203.0,205.5,4093100
2026-06-22,VIC,205.5,219.8,203.1,219.8,3513400
2026-06-23,VIC,224.2,230.0,223.6,229.0,5016500
2026-06-24,VIC,229.0,242.0,227.1,230.5,3746800
2026-06-25,VIC,230.5,232.0,221.1,225.0,3049700
2026-06-26,VIC,221.5,228.9,221.5,228.0,2571200
2026-06-29,VIC,227.0,227.7,217.0,217.2,3602500
2026-06-30,VIC,216.0,221.0,212.0,220.0,3900200
2026-07-01,VIC,220.0,220.2,216.7,217.1,1760600
2026-07-02,VIC,217.1,221.2,216.1,220.3,2543800
2026-07-03,VIC,219.9,222.9,219.3,220.3,2086300
2026-07-06,VIC,222.5,222.7,217.1,220.3,3093000
2026-07-07,VIC,218.5,220.3,215.2,220.3,2948800
2026-07-08,VIC,218.0,221.2,218.0,220.7,1934000
2026-07-09,VIC,218.5,221.3,218.5,221.0,2366400
2026-07-10,VIC,221.0,224.7,220.8,223.0,3999100
2026-07-13,VIC,223.6,223.6,218.1,221.5,3795000
2026-07-14,VIC,219.0,219.7,212.5,219.0,3450700
2026-07-15,VIC,218.4,218.4,211.5,217.0,3687900
2026-07-16,VIC,212.0,223.0,212.0,223.0,4074700
2026-07-17,VIC,223.0,224.0,220.0,220.0,2845200
2026-07-20,VIC,219.9,220.2,218.9,220.0,2732800
2026-04-22,VHM,138.29,149.07,136.07,144.74,8690556
2026-04-23,VHM,146.38,147.05,140.79,143.49,5721085
2026-04-24,VHM,142.62,143.1,135.98,135.98,6076136
2026-04-28,VHM,135.49,145.41,134.82,145.41,9377547
2026-04-29,VHM,149.07,150.13,140.6,140.6,7017838
2026-05-04,VHM,143.01,143.49,136.46,136.75,5553563
2026-05-05,VHM,136.75,146.28,136.55,145.61,6734044
2026-05-06,VHM,147.34,149.26,141.75,145.41,5613670
2026-05-07,VHM,146.95,155.52,145.51,155.52,8684381
2026-05-08,VHM,156.01,157.93,150.81,157.93,7066413
2026-05-11,VHM,159.86,166.89,155.04,155.04,8413506
2026-05-12,VHM,153.12,156.97,150.81,154.27,6497821
2026-05-13,VHM,156.1,156.49,143.49,146.86,11452881
2026-05-14,VHM,147.24,151.19,143.2,151.19,5558610
2026-05-15,VHM,151.19,152.92,148.01,152.15,4850749
2026-05-18,VHM,151.77,154.27,147.34,148.3,5268751
2026-05-19,VHM,148.3,153.69,146.47,151.19,4751281
2026-05-20,VHM,150.23,156.87,148.78,153.98,6841877
2026-05-21,VHM,155.33,157.07,151.19,153.89,4516523
2026-05-22,VHM,152.73,152.73,144.93,148.11,6987921
2026-05-25,VHM,149.26,153.98,147.44,152.83,3705088
2026-05-26,VHM,152.06,152.35,148.11,148.11,3232250
2026-05-27,VHM,148.11,148.98,141.95,141.95,7396606
2026-05-28,VHM,140.6,151.87,139.83,151.87,8941676
2026-05-29,VHM,153.89,155.62,150.04,150.23,5628930
2026-06-01,VHM,151.19,152.15,144.74,146.38,4655956
2026-06-02,VHM,146.38,148.88,145.22,145.22,4018381
2026-06-03,VHM,144.64,145.41,136.94,142.91,6335203
2026-06-04,VHM,143.87,145.22,140.89,144.45,3287702
2026-06-05,VHM,143.49,147.92,143.49,146.38,3724947
2026-06-08,VHM,143.49,144.93,139.83,141.27,4241431
2026-06-09,VHM,141.75,142.24,138.58,140.6,2230874
2026-06-10,VHM,140.79,142.04,138.96,141.37,1577712
2026-06-11,VHM,140.21,141.27,138.67,139.15,1714857
2026-06-12,VHM,141.08,141.75,133.57,133.57,4359391
2026-06-15,VHM,134.82,136.94,124.23,131.06,8161799
2026-06-16,VHM,131.93,132.41,129.23,131.45,2737020
2026-06-17,VHM,126.35,131.16,125.67,130.0,7357994
2026-06-18,VHM,139.06,139.06,139.06,139.06,2399819
2026-06-19,VHM,143.97,144.26,139.92,139.92,10151089
2026-06-22,VHM,141.66,149.65,140.02,149.65,5503136
2026-06-23,VHM,152.06,156.01,149.65,150.23,6573213
2026-06-24,VHM,150.23,154.56,148.3,153.69,5445554
2026-06-25,VHM,154.08,154.18,148.88,150.71,4596988
2026-06-26,VHM,151.67,157.84,150.71,156.01,10482758
2026-06-29,VHM,158.0,158.1,150.1,150.3,6028471
2026-06-30,VHM,150.3,151.8,146.9,151.8,3126051
2026-07-01,VHM,151.8,151.8,148.2,148.7,3003925
2026-07-02,VHM,148.2,151.5,148.2,150.4,2233386
2026-07-03,VHM,151.0,155.4,150.6,151.6,4064257
2026-07-06,VHM,158.7,158.7,152.1,154.1,7184697
2026-07-07,VHM,154.0,154.0,150.1,150.1,3892871
2026-07-08,VHM,150.0,151.9,148.5,150.0,2809709
2026-07-09,VHM,149.8,151.0,148.1,148.7,1915725
2026-07-10,VHM,148.1,150.3,146.7,147.0,3156900
2026-07-13,VHM,147.0,147.0,139.2,143.0,6075800
2026-07-14,VHM,142.9,142.9,138.5,140.8,4386200
2026-07-15,VHM,140.8,140.8,136.0,136.0,4540200
2026-07-16,VHM,133.5,142.8,133.5,142.8,4671100
2026-07-17,VHM,142.8,144.8,140.5,140.5,2146600
2026-07-20,VHM,139.2,142.0,136.3,136.9,2992800
2026-04-22,HPG,25.49,25.62,25.04,25.18,27776563
2026-04-23,HPG,25.18,25.31,24.64,24.82,41183372
2026-04-24,HPG,24.91,24.95,24.55,24.91,23427585
2026-04-28,HPG,24.82,25.0,24.73,24.77,14097091
2026-04-29,HPG,24.68,24.91,24.64,24.77,17258827
2026-05-04,HPG,24.77,24.95,24.46,24.64,32415715
2026-05-05,HPG,24.68,24.73,24.28,24.37,30720861
2026-05-06,HPG,24.46,24.82,24.37,24.64,27689609
2026-05-07,HPG,24.82,24.91,24.64,24.77,20376023
2026-05-08,HPG,24.77,24.91,24.59,24.86,20700430
2026-05-11,HPG,25.0,25.0,24.55,24.55,23702974
2026-05-12,HPG,24.55,24.73,24.41,24.45,19197160
2026-05-13,HPG,24.5,24.77,24.36,24.64,21568148
2026-05-14,HPG,24.82,24.91,24.59,24.59,14068257
2026-05-15,HPG,24.59,24.64,24.05,24.14,75912487
2026-05-18,HPG,24.09,24.27,23.86,24.05,27528757
2026-05-19,HPG,24.09,24.23,23.86,23.86,25163815
2026-05-20,HPG,23.91,24.0,23.41,23.82,41052048
2026-05-21,HPG,23.95,24.27,23.91,24.14,30595854
2026-05-22,HPG,24.18,24.23,23.95,23.95,25827721
2026-05-25,HPG,24.25,24.35,24.1,24.1,27074403
2026-05-26,HPG,24.1,24.25,24.0,24.25,20759854
2026-05-27,HPG,24.4,24.5,24.15,24.15,23173011
2026-05-28,HPG,24.15,24.25,24.0,24.0,15705421
2026-05-29,HPG,24.05,24.2,23.9,24.0,16397908
2026-06-01,HPG,24.0,24.15,23.95,24.05,9694955
2026-06-02,HPG,24.0,24.05,23.7,23.7,25598352
2026-06-03,HPG,23.7,24.15,23.6,24.15,20599837
2026-06-04,HPG,24.15,24.15,23.9,23.95,10092325
2026-06-05,HPG,23.95,24.05,23.75,23.75,13891200
2026-06-08,HPG,23.65,23.75,23.3,23.3,22769900
2026-06-09,HPG,23.35,23.55,23.3,23.55,12441700
2026-06-10,HPG,23.55,23.7,23.45,23.6,7505500
2026-06-11,HPG,23.5,23.55,23.3,23.3,10177700
2026-06-12,HPG,23.55,23.55,23.2,23.2,13271400
2026-06-15,HPG,23.55,24.35,23.55,24.35,30695200
2026-06-16,HPG,24.25,24.35,24.1,24.2,14145800
2026-06-17,HPG,24.2,24.3,24.0,24.0,19039000
2026-06-18,HPG,24.05,24.15,23.65,23.65,18040500
2026-06-19,HPG,23.8,23.9,23.6,23.6,20055700
2026-06-22,HPG,23.7,23.85,23.6,23.6,10684400
2026-06-23,HPG,23.65,23.7,23.3,23.3,29071800
2026-06-24,HPG,23.4,23.6,23.3,23.5,12927300
2026-06-25,HPG,23.5,23.6,23.4,23.4,7659100
2026-06-26,HPG,23.4,23.5,23.35,23.5,15468600
2026-06-29,HPG,23.55,23.65,23.45,23.65,14158200
2026-06-30,HPG,23.7,23.7,23.25,23.3,30593200
2026-07-01,HPG,23.4,23.55,23.35,23.45,14937400
2026-07-02,HPG,23.5,23.65,23.35,23.4,13367500
2026-07-03,HPG,23.4,23.5,23.25,23.25,15935100
2026-07-06,HPG,23.4,23.6,23.0,23.1,21299300
2026-07-07,HPG,23.2,23.25,23.0,23.1,13839600
2026-07-08,HPG,23.15,23.4,23.05,23.2,12499500
2026-07-09,HPG,23.2,23.25,23.1,23.2,11643400
2026-07-10,HPG,23.2,23.25,22.95,22.95,11906800
2026-07-13,HPG,22.95,22.95,22.35,22.4,32309000
2026-07-14,HPG,22.3,22.5,22.0,22.5,22481900
2026-07-15,HPG,22.5,22.6,22.15,22.4,21464500
2026-07-16,HPG,22.3,22.4,21.8,22.2,22880600
2026-07-17,HPG,22.2,22.35,21.85,21.85,17006300
2026-07-20,HPG,21.75,21.75,20.5,20.6,53245200
2026-04-22,TCB,32.42,32.81,32.22,32.32,15104674
2026-04-23,TCB,32.32,33.01,32.22,32.61,12878712
2026-04-24,TCB,32.71,33.59,32.61,33.54,24952515
2026-04-28,TCB,34.28,34.28,33.79,33.89,16815858
2026-04-29,TCB,33.79,33.89,32.81,33.15,16473429
2026-05-04,TCB,33.1,33.25,32.61,32.86,11628936
2026-05-05,TCB,32.76,32.76,32.03,32.61,10621558
2026-05-06,TCB,32.76,33.2,32.52,33.2,7876307
2026-05-07,TCB,33.35,33.5,33.01,33.01,9759714
2026-05-08,TCB,32.96,33.25,32.86,33.15,10533389
2026-05-11,TCB,33.25,33.25,33.05,33.1,10462072
2026-05-12,TCB,33.1,33.15,32.96,33.1,9682526
2026-05-13,TCB,33.2,33.2,32.86,32.91,11511777
2026-05-14,TCB,32.91,33.3,32.91,33.3,10243023
2026-05-15,TCB,33.64,34.08,33.25,33.35,22596030
2026-05-18,TCB,33.3,33.5,33.05,33.3,12204394
2026-05-19,TCB,33.5,33.6,32.6,32.6,15774547
2026-05-20,TCB,32.2,32.45,31.05,32.45,19975356
2026-05-21,TCB,32.5,32.6,32.2,32.25,9023515
2026-05-22,TCB,32.4,32.4,31.65,32.2,7166246
2026-05-25,TCB,32.05,32.8,32.05,32.55,6809681
2026-05-26,TCB,32.5,33.0,32.45,32.9,5445378
2026-05-27,TCB,33.1,33.7,32.9,33.65,16318032
2026-05-28,TCB,33.6,33.6,32.6,32.6,8077139
2026-05-29,TCB,32.65,33.05,32.65,32.75,6883888
2026-06-01,TCB,32.85,32.95,32.35,32.35,5957400
2026-06-02,TCB,32.35,32.4,31.9,31.9,8472100
2026-06-03,TCB,31.9,32.0,31.45,31.55,11052800
2026-06-04,TCB,31.65,31.9,31.45,31.45,6761500
2026-06-05,TCB,31.5,32.0,31.5,31.7,5839000
2026-06-08,TCB,31.5,31.6,30.85,30.85,9610500
2026-06-09,TCB,30.9,31.2,30.8,30.9,9572400
2026-06-10,TCB,31.05,31.25,30.9,30.95,4691800
2026-06-11,TCB,30.95,31.05,30.8,30.85,6590700
2026-06-12,TCB,31.3,31.45,31.05,31.25,10931200
2026-06-15,TCB,31.7,31.95,31.25,31.7,10553500
2026-06-16,TCB,31.8,31.9,31.55,31.75,7120000
2026-06-17,TCB,31.75,31.8,31.35,31.45,16629400
2026-06-18,TCB,31.45,31.5,31.15,31.2,8917000
2026-06-19,TCB,31.25,31.3,30.9,30.95,10874100
2026-06-22,TCB,31.15,31.15,30.9,30.9,5678600
2026-06-23,TCB,31.0,33.05,31.0,32.05,28233400
2026-06-24,TCB,32.5,32.95,32.0,32.5,17964000
2026-06-25,TCB,32.7,33.5,32.45,33.4,20973800
2026-06-26,TCB,33.4,33.45,32.9,33.4,10271000
2026-06-29,TCB,33.3,33.9,33.25,33.8,14115800
2026-06-30,TCB,33.85,33.85,33.45,33.5,9363600
2026-07-01,TCB,33.55,34.5,33.5,34.3,14899400
2026-07-02,TCB,34.35,34.6,33.8,33.85,12377100
2026-07-03,TCB,33.95,33.95,33.2,33.6,15380400
2026-07-06,TCB,33.6,33.95,33.2,33.75,10686300
2026-07-07,TCB,33.75,33.85,33.35,33.85,7544400
2026-07-08,TCB,33.85,34.2,33.75,33.75,12585200
2026-07-09,TCB,33.55,33.65,33.15,33.15,11473700
2026-07-10,TCB,33.15,33.2,32.3,32.4,16294000
2026-07-13,TCB,32.25,32.35,31.5,32.35,19906700
2026-07-14,TCB,32.15,32.3,31.75,32.2,11243700
2026-07-15,TCB,32.05,32.2,31.5,31.5,8134600
2026-07-16,TCB,31.3,31.9,30.75,31.9,14633400
2026-07-17,TCB,31.9,31.9,31.45,31.45,7054000
2026-07-20,TCB,31.4,31.4,29.95,29.95,14287800
2026-04-22,MBB,25.34,25.38,25.1,25.19,8449957
2026-04-23,MBB,25.19,25.96,25.14,25.38,15314828
2026-04-24,MBB,25.38,25.38,25.19,25.19,9092066
2026-04-28,MBB,25.19,25.24,25.0,25.0,12610418
2026-04-29,MBB,25.0,25.14,24.85,25.05,13315223
2026-05-04,MBB,25.14,25.38,25.05,25.1,10203354
2026-05-05,MBB,25.0,25.1,24.76,24.95,12355321
2026-05-06,MBB,25.0,25.14,24.85,25.05,16190993
2026-05-07,MBB,25.14,25.29,25.0,25.1,16806617
2026-05-08,MBB,25.1,25.53,25.05,25.14,22230786
2026-05-11,MBB,25.19,25.34,24.95,25.0,16656008
2026-05-12,MBB,25.0,25.1,24.9,24.9,11286685
2026-05-13,MBB,24.9,25.0,24.76,24.81,12677772
2026-05-14,MBB,24.85,25.1,24.81,24.85,13106103
2026-05-15,MBB,25.05,25.05,24.61,24.66,22633045
2026-05-18,MBB,24.66,24.66,24.42,24.52,18848881
2026-05-19,MBB,24.57,24.61,24.09,24.09,30409180
2026-05-20,MBB,24.13,24.33,23.56,23.65,39024992
2026-05-21,MBB,23.75,23.94,23.65,23.85,18679222
2026-05-22,MBB,23.89,23.94,23.56,23.7,15033207
2026-05-25,MBB,23.85,24.04,23.8,23.85,10209444
2026-05-26,MBB,23.85,24.57,23.85,24.52,18698610
2026-05-27,MBB,24.57,24.66,24.33,24.42,12623308
2026-05-28,MBB,24.42,24.61,24.04,24.04,9643102
2026-05-29,MBB,24.04,24.23,23.89,24.04,8187913
2026-06-01,MBB,24.13,24.18,23.94,24.13,5191569
2026-06-02,MBB,24.13,24.18,23.7,23.7,12879008
2026-06-03,MBB,23.7,24.23,23.7,24.23,14495589
2026-06-04,MBB,24.09,24.23,23.94,24.04,8575875
2026-06-05,MBB,24.09,24.18,24.04,24.04,8358112
2026-06-08,MBB,23.94,23.94,23.6,23.65,12134296
2026-06-09,MBB,23.7,23.89,23.6,23.7,9780751
2026-06-10,MBB,23.7,23.89,23.7,23.75,9392793
2026-06-11,MBB,23.7,23.8,23.6,23.8,4565418
2026-06-12,MBB,24.04,24.23,23.89,23.89,20445141
2026-06-15,MBB,24.09,24.37,24.09,24.23,15687829
2026-06-16,MBB,24.28,24.33,24.13,24.13,11674273
2026-06-17,MBB,24.18,24.33,24.13,24.23,11633105
2026-06-18,MBB,24.23,24.33,24.18,24.28,6979622
2026-06-19,MBB,24.28,24.28,24.04,24.04,7118802
2026-06-22,MBB,24.09,24.13,23.85,23.85,7754036
2026-06-23,MBB,23.99,24.33,23.8,23.85,18591237
2026-06-24,MBB,23.89,23.99,23.7,23.85,12633009
2026-06-25,MBB,23.85,23.94,23.75,23.75,7598975
2026-06-26,MBB,23.75,23.85,23.7,23.8,6923946
2026-06-29,MBB,23.89,24.28,23.85,24.13,15831551
2026-06-30,MBB,24.13,24.28,24.09,24.23,13549710
2026-07-01,MBB,24.33,24.76,24.33,24.76,21370852
2026-07-02,MBB,24.81,24.9,24.61,24.66,10023970
2026-07-03,MBB,24.81,24.81,24.42,24.61,13583222
2026-07-06,MBB,24.71,24.81,24.28,24.33,12929901
2026-07-07,MBB,24.42,24.76,24.33,24.76,12397938
2026-07-08,MBB,24.76,25.14,24.71,25.0,20241943
2026-07-09,MBB,24.95,25.0,24.6,24.6,11250699
2026-07-10,MBB,24.6,25.0,24.55,24.65,10526125
2026-07-13,MBB,24.6,24.65,24.0,24.45,16231360
2026-07-14,MBB,24.0,24.55,24.0,24.55,12298494
2026-07-15,MBB,24.25,24.45,23.95,23.95,12765272
2026-07-16,MBB,23.95,24.25,23.5,24.15,14684765
2026-07-17,MBB,24.05,24.1,23.75,23.75,10429986
2026-07-20,MBB,23.6,23.7,22.8,22.8,20784040
2026-04-22,VNM,59.65,60.33,59.55,59.84,3948418
2026-04-23,VNM,60.03,60.52,59.07,60.03,4244189
2026-04-24,VNM,60.13,60.13,58.58,59.45,5864492
2026-04-28,VNM,59.26,59.36,58.58,59.26,3231306
2026-04-29,VNM,58.39,59.36,58.39,58.97,2412460
2026-05-04,VNM,59.16,59.65,58.78,58.97,1881221
2026-05-05,VNM,59.16,59.26,58.49,59.16,2758211
2026-05-06,VNM,59.26,59.74,58.78,59.55,2595810
2026-05-07,VNM,59.65,59.84,59.16,59.55,4758171
2026-05-08,VNM,59.84,59.84,58.97,58.97,2790878
2026-05-11,VNM,59.16,59.16,58.58,58.68,3883532
2026-05-12,VNM,58.68,58.78,58.0,58.19,4113867
2026-05-13,VNM,58.19,58.19,56.84,57.42,8549520
2026-05-14,VNM,57.42,58.19,57.42,58.19,3063761
2026-05-15,VNM,58.19,58.39,57.9,57.9,2016323
2026-05-18,VNM,57.61,58.78,57.61,58.58,4857974
2026-05-19,VNM,58.58,58.78,57.81,57.9,2750399
2026-05-20,VNM,57.9,58.0,56.74,57.23,5742771
2026-05-21,VNM,57.61,57.71,56.94,57.13,3277799
2026-05-22,VNM,57.23,57.81,56.84,57.61,6013164
2026-05-25,VNM,57.61,57.9,57.23,57.23,1594222
2026-05-26,VNM,57.23,57.52,57.13,57.23,1884392
2026-05-27,VNM,57.23,57.32,56.84,56.94,2982766
2026-05-28,VNM,57.13,57.9,57.13,57.13,3805834
2026-05-29,VNM,57.13,57.42,57.03,57.32,1964054
2026-06-01,VNM,57.32,57.42,56.94,57.23,2264390
2026-06-02,VNM,57.23,57.32,56.74,56.74,2967574
2026-06-03,VNM,56.74,56.94,56.26,56.45,3822803
2026-06-04,VNM,56.74,56.94,56.36,56.74,2130781
2026-06-05,VNM,56.94,57.03,56.45,56.55,1870110
2026-06-08,VNM,56.36,56.94,55.97,56.16,3186894
2026-06-09,VNM,56.26,56.65,56.16,56.45,1232594
2026-06-10,VNM,56.55,57.03,56.36,57.03,2357629
2026-06-11,VNM,56.94,57.71,56.65,57.32,1809873
2026-06-12,VNM,57.42,57.9,57.13,57.13,3494401
2026-06-15,VNM,57.42,57.9,57.42,57.81,2026853
2026-06-16,VNM,57.9,57.9,57.23,57.23,2034353
2026-06-17,VNM,57.23,57.81,57.13,57.13,2843129
2026-06-18,VNM,57.61,57.81,57.23,57.32,2486869
2026-06-19,VNM,57.32,57.52,57.03,57.13,3354797
2026-06-22,VNM,57.61,57.71,56.74,56.74,3005261
2026-06-23,VNM,56.84,57.13,56.55,56.55,2300575
2026-06-24,VNM,56.74,56.84,56.26,56.45,1538566
2026-06-25,VNM,56.65,56.74,56.36,56.45,1812950
2026-06-26,VNM,56.8,56.8,55.9,56.3,3185030
2026-06-29,VNM,56.5,56.5,56.0,56.1,1480380
2026-06-30,VNM,56.1,56.2,54.7,54.8,9342717
2026-07-01,VNM,55.0,55.5,54.8,55.2,2361716
2026-07-02,VNM,55.3,56.0,55.3,55.5,3681754
2026-07-03,VNM,55.5,55.7,54.7,54.9,4144347
2026-07-06,VNM,55.0,55.4,54.6,55.3,3223561
2026-07-07,VNM,55.2,55.3,54.9,55.1,1616241
2026-07-08,VNM,55.0,55.7,55.0,55.7,3711600
2026-07-09,VNM,55.6,55.9,55.4,55.7,2469400
2026-07-10,VNM,55.9,56.7,55.8,56.6,5573700
2026-07-13,VNM,56.6,56.6,55.3,55.4,1951400
2026-07-14,VNM,55.5,56.0,55.2,56.0,1755100
2026-07-15,VNM,56.0,56.4,55.5,56.2,2491200
2026-07-16,VNM,56.1,56.3,55.3,56.2,1991100
2026-07-17,VNM,56.3,59.4,56.2,59.0,12982500
2026-07-20,VNM,58.8,58.8,57.7,58.5,4583900
2026-04-22,FPT,74.47,74.47,73.09,73.59,8183660
2026-04-23,FPT,73.98,74.97,73.09,73.29,8007390
2026-04-24,FPT,72.99,73.09,72.2,72.4,10525022
2026-04-28,FPT,72.4,73.39,71.91,73.39,9542103
2026-04-29,FPT,72.4,74.47,72.4,74.47,9185869
2026-05-04,FPT,73.88,74.08,72.6,72.7,8328235
2026-05-05,FPT,72.7,73.49,71.81,73.29,6864166
2026-05-06,FPT,73.19,73.19,72.01,72.3,9488402
2026-05-07,FPT,72.89,73.29,72.01,72.01,10219324
2026-05-08,FPT,72.2,72.3,70.92,70.92,13514337
2026-05-11,FPT,70.72,70.72,69.05,69.05,17004224
2026-05-12,FPT,69.15,70.53,69.05,69.64,8577521
2026-05-13,FPT,69.64,70.53,69.05,69.74,11580539
2026-05-14,FPT,70.13,74.28,70.03,72.89,21629725
2026-05-15,FPT,73.19,73.19,71.71,71.91,6422714
2026-05-18,FPT,71.91,74.28,71.02,73.88,18371934
2026-05-19,FPT,73.98,74.77,73.29,73.49,11329616
2026-05-20,FPT,73.78,77.43,71.81,76.64,26047157
2026-05-21,FPT,76.64,76.84,74.67,75.46,11846629
2026-05-22,FPT,75.76,76.54,74.08,74.08,11705347
2026-05-25,FPT,73.59,74.57,72.5,72.5,10480758
2026-05-26,FPT,72.6,73.59,72.6,73.49,5124782
2026-05-27,FPT,73.49,74.28,72.11,72.6,9205891
2026-05-28,FPT,72.8,73.1,71.2,71.2,10693258
2026-05-29,FPT,71.2,72.5,70.8,71.6,5471427
2026-06-01,FPT,72.2,73.4,72.1,72.9,5994107
2026-06-02,FPT,73.0,75.6,73.0,74.8,17419530
2026-06-03,FPT,75.1,77.7,75.0,76.5,25354808
2026-06-04,FPT,76.7,77.2,75.8,76.1,11331159
2026-06-05,FPT,76.0,76.0,74.3,75.0,11249802
2026-06-08,FPT,73.7,74.5,72.8,72.9,10952915
2026-06-09,FPT,73.4,74.2,72.6,73.7,7803771
2026-06-10,FPT,73.5,74.5,73.5,74.2,4736000
2026-06-11,FPT,73.9,73.9,73.1,73.1,3507300
2026-06-12,FPT,73.6,74.3,73.5,73.5,5688200
2026-06-15,FPT,74.4,75.2,73.5,73.6,6422700
2026-06-16,FPT,73.7,74.2,73.1,73.2,5819800
2026-06-17,FPT,73.3,73.4,72.2,72.3,10652200
2026-06-18,FPT,72.3,72.3,71.5,71.6,13665800
2026-06-19,FPT,71.6,71.8,70.8,71.5,14295100
2026-06-22,FPT,71.5,71.7,70.3,70.6,9260100
2026-06-23,FPT,70.9,71.8,70.7,70.8,5737500
2026-06-24,FPT,71.0,71.2,70.1,70.8,5968500
2026-06-25,FPT,71.0,71.7,70.8,71.0,6592100
2026-06-26,FPT,71.3,71.3,70.3,70.8,4333200
2026-06-29,FPT,70.7,70.8,70.2,70.4,4618200
2026-06-30,FPT,70.5,70.8,70.2,70.2,6075800
2026-07-01,FPT,70.4,73.2,70.3,72.9,11630500
2026-07-02,FPT,72.9,73.3,72.5,72.5,5690500
2026-07-03,FPT,72.5,73.1,71.7,72.3,7490500
2026-07-06,FPT,72.4,74.0,71.9,73.0,11200200
2026-07-07,FPT,73.0,73.7,72.5,73.2,4557200
2026-07-08,FPT,72.4,72.8,71.5,72.1,6741600
2026-07-09,FPT,71.8,73.0,71.7,72.1,4441900
2026-07-10,FPT,72.0,72.3,70.6,70.6,7937300
2026-07-13,FPT,70.3,71.3,70.2,70.5,7738400
2026-07-14,FPT,70.3,70.9,70.0,70.3,6626800
2026-07-15,FPT,70.4,70.4,66.8,66.8,21271900
2026-07-16,FPT,66.7,68.0,64.7,68.0,13030600
2026-07-17,FPT,68.3,68.4,67.0,67.0,3987800
2026-07-20,FPT,66.9,67.7,66.1,67.1,7346800
2026-04-22,MSN,78.9,79.2,78.1,79.0,4824100
2026-04-23,MSN,79.2,79.3,77.1,78.2,6071800
2026-04-24,MSN,79.0,79.6,77.2,77.2,7800700
2026-04-28,MSN,77.2,77.9,76.7,77.4,3730200
2026-04-29,MSN,77.0,77.4,76.1,76.8,4028900
2026-05-04,MSN,77.2,77.5,76.2,76.8,3381400
2026-05-05,MSN,76.9,78.4,76.6,76.6,4691700
2026-05-06,MSN,77.3,78.5,76.9,78.4,5808400
2026-05-07,MSN,79.7,82.3,79.2,81.0,15769900
2026-05-08,MSN,81.0,82.4,80.0,80.2,8819100
2026-05-11,MSN,80.8,80.8,77.5,77.5,8192600
2026-05-12,MSN,77.7,78.0,76.6,77.7,6062900
2026-05-13,MSN,77.7,79.3,77.5,78.9,6479900
2026-05-14,MSN,79.3,79.5,78.6,79.1,4324500
2026-05-15,MSN,79.1,79.1,77.1,77.5,4808600
2026-05-18,MSN,77.1,77.3,76.4,76.5,5621700
2026-05-19,MSN,76.8,77.4,76.3,76.5,5113200
2026-05-20,MSN,76.4,76.8,74.4,75.6,7861100
2026-05-21,MSN,76.0,76.9,75.8,76.2,3550000
2026-05-22,MSN,76.1,76.7,75.6,76.0,2603200
2026-05-25,MSN,76.0,77.3,75.7,77.2,4612600
2026-05-26,MSN,77.3,77.3,76.7,77.0,2637100
2026-05-27,MSN,77.3,77.5,76.5,76.5,3270300
2026-05-28,MSN,76.6,76.9,75.5,75.5,3042800
2026-05-29,MSN,75.8,75.8,74.7,74.7,3638900
2026-06-01,MSN,74.8,75.2,74.2,74.7,2089100
2026-06-02,MSN,74.7,74.8,73.2,73.2,3422300
2026-06-03,MSN,73.1,75.1,72.6,75.1,3872000
2026-06-04,MSN,74.9,74.9,73.9,74.0,1879100
2026-06-05,MSN,74.3,74.3,73.0,73.1,2864100
2026-06-08,MSN,72.4,72.7,70.8,70.8,5812600
2026-06-09,MSN,71.3,72.5,70.9,72.4,3417100
2026-06-10,MSN,72.2,72.3,71.6,71.9,1527900
2026-06-11,MSN,71.5,71.8,71.0,71.0,1778000
2026-06-12,MSN,72.0,72.2,71.1,71.1,2524400
2026-06-15,MSN,72.1,72.8,71.9,72.2,2829700
2026-06-16,MSN,72.5,73.2,72.2,73.0,1998300
2026-06-17,MSN,73.1,73.3,72.5,72.5,2463600
2026-06-18,MSN,72.5,73.2,72.1,72.1,2955300
2026-06-19,MSN,72.2,72.6,72.0,72.0,2203100
2026-06-22,MSN,72.6,72.6,71.5,71.5,1679500
2026-06-23,MSN,71.8,72.3,70.7,71.5,3924900
2026-06-24,MSN,71.4,71.6,70.6,71.5,2086700
2026-06-25,MSN,71.7,71.7,71.2,71.5,1092900
2026-06-26,MSN,71.4,71.5,70.9,71.4,1949700
2026-06-29,MSN,71.6,72.1,71.4,72.1,2189400
2026-06-30,MSN,72.2,72.7,71.6,72.1,2684100
2026-07-01,MSN,72.0,72.8,71.9,72.5,2278500
2026-07-02,MSN,72.8,73.1,71.9,72.4,3050700
2026-07-03,MSN,72.1,72.4,71.5,71.8,2721300
2026-07-06,MSN,71.6,71.8,69.2,70.5,4680200
2026-07-07,MSN,70.4,70.4,68.3,68.6,9695900
2026-07-08,MSN,68.4,69.7,67.5,69.0,10943100
2026-07-09,MSN,68.8,69.6,68.6,68.9,2298700
2026-07-10,MSN,68.6,69.1,68.1,68.8,2701100
2026-07-13,MSN,68.3,68.5,66.7,67.9,5488400
2026-07-14,MSN,67.3,68.4,67.1,68.4,2364800
2026-07-15,MSN,68.4,68.5,67.4,68.0,2633500
2026-07-16,MSN,67.5,68.0,66.7,68.0,3440100
2026-07-17,MSN,67.8,68.2,67.4,68.0,2752400
2026-07-20,MSN,67.8,67.8,64.6,64.8,6394700
2026-04-22,BID,40.13,40.13,39.74,39.79,3624394
2026-04-23,BID,39.79,42.55,39.79,41.12,23951273
2026-04-24,BID,41.12,41.17,40.28,40.28,4712655
2026-04-28,BID,40.43,40.63,39.59,39.69,6611901
2026-04-29,BID,39.74,39.89,39.24,39.64,6703587
2026-05-04,BID,39.94,40.83,39.64,40.38,6502016
2026-05-05,BID,40.13,40.33,39.74,40.08,3479913
2026-05-06,BID,40.23,40.53,40.08,40.43,4405645
2026-05-07,BID,40.73,40.83,40.33,40.38,7174111
2026-05-08,BID,40.38,42.31,40.38,41.91,23799070
2026-05-11,BID,42.21,42.21,41.02,41.02,6570342
2026-05-12,BID,41.07,41.27,40.58,41.27,6216497
2026-05-13,BID,41.32,42.51,40.68,42.31,15244937
2026-05-14,BID,42.41,43.74,42.36,43.05,11088594
2026-05-15,BID,43.49,43.49,42.36,42.46,10527757
2026-05-18,BID,42.31,44.98,41.71,44.78,17456769
2026-05-19,BID,44.88,45.87,42.7,43.74,19468943
2026-05-20,BID,43.25,43.69,41.42,43.4,10337654
2026-05-21,BID,43.89,44.19,43.0,43.3,7413270
2026-05-22,BID,43.35,43.35,42.16,42.51,6366788
2026-05-25,BID,42.55,42.6,41.91,42.51,5090289
2026-05-26,BID,42.46,43.3,42.26,43.1,4356355
2026-05-27,BID,43.35,43.35,42.7,42.8,3850446
2026-05-28,BID,42.8,43.0,42.01,42.01,4031098
2026-05-29,BID,41.96,42.06,41.32,41.52,5969821
2026-06-01,BID,41.57,41.96,41.12,41.42,4510022
2026-06-02,BID,41.32,41.76,40.63,41.22,4532601
2026-06-03,BID,41.12,41.71,41.02,41.42,2723431
2026-06-04,BID,41.42,42.31,41.37,42.16,3902836
2026-06-05,BID,42.31,42.31,41.52,41.52,2270613
2026-06-08,BID,41.12,41.42,40.48,40.53,5136609
2026-06-09,BID,40.87,40.92,40.33,40.68,2035612
2026-06-10,BID,40.83,41.81,40.78,41.17,3663253
2026-06-11,BID,40.83,41.12,40.63,40.92,1571757
2026-06-12,BID,41.32,41.42,40.58,40.58,3435355
2026-06-15,BID,41.17,41.37,40.92,41.12,2880137
2026-06-16,BID,41.37,41.71,41.27,41.42,3056001
2026-06-17,BID,41.52,42.7,41.47,42.46,8605298
2026-06-18,BID,42.51,42.55,41.91,42.26,4134908
2026-06-19,BID,42.21,42.21,41.32,41.32,4378251
2026-06-22,BID,41.32,42.31,41.22,41.96,4880584
2026-06-23,BID,42.41,43.0,42.01,42.16,8382491
2026-06-24,BID,42.11,42.36,41.42,41.62,2972642
2026-06-25,BID,41.62,41.76,41.42,41.42,2672875
2026-06-26,BID,41.47,41.62,41.22,41.22,3302850
2026-06-29,BID,41.57,41.96,41.52,41.91,2859392
2026-06-30,BID,42.06,42.31,41.91,41.91,2941982
2026-07-01,BID,41.91,42.75,41.86,42.55,5681327
2026-07-02,BID,42.55,42.7,42.06,42.06,2985705
2026-07-03,BID,42.11,42.26,41.57,41.76,3908629
2026-07-06,BID,41.81,42.16,40.73,40.87,5605444
2026-07-07,BID,40.92,41.22,40.83,41.17,2170019
2026-07-08,BID,41.17,41.52,40.73,41.32,2769075
2026-07-09,BID,41.12,41.27,40.73,40.78,2905670
2026-07-10,BID,40.83,41.02,40.53,40.53,2286771
2026-07-13,BID,40.53,40.53,39.29,39.49,6069480
2026-07-14,BID,39.49,40.03,38.95,39.79,2743440
2026-07-15,BID,39.89,39.94,39.05,39.05,2696215
2026-07-16,BID,39.05,39.29,38.11,38.85,4493803
2026-07-17,BID,39.0,39.05,38.7,38.8,1916950
2026-07-20,BID,38.8,38.9,37.0,37.0,5526621
2026-07-21,VCB,56.7,57.2,56.6,56.7,3413200
2026-07-21,VIC,216.3,220.0,214.4,217.3,2839700
2026-07-21,VHM,136.8,138.3,135.3,136.4,2669700
2026-07-21,HPG,20.5,21.15,20.5,20.8,27198700
2026-07-21,TCB,30.0,30.2,29.6,29.8,10138100
2026-07-21,MBB,22.7,23.05,22.6,22.7,11355839
2026-07-21,VNM,58.1,58.8,58.1,58.4,3543700
2026-07-21,FPT,66.5,67.9,64.8,64.8,7540400
2026-07-21,MSN,64.5,66.1,64.5,64.9,4693800
2026-07-21,BID,37.1,37.7,36.8,36.8,3468011
2026-07-22,VCB,56.33,56.63,54.05,54.05,9207098
2026-07-22,VIC,216.0,217.0,202.1,202.1,5736200
2026-07-22,VHM,136.2,136.4,126.9,126.9,8235300
2026-07-22,HPG,20.9,21.05,20.5,20.7,43471900
2026-07-22,TCB,29.9,30.3,29.0,29.0,19146900
2026-07-22,MBB,22.8,23.2,22.35,22.35,21154000
2026-07-22,VNM,58.7,60.1,58.4,59.1,10506300
2026-07-22,FPT,65.0,67.5,64.6,64.6,10060700
2026-07-22,MSN,65.5,67.0,63.5,63.9,9078900
2026-07-22,BID,37.0,37.15,35.85,35.85,6030114
2026-07-23,VCB,54.1,54.9,52.6,54.0,7464625
2026-07-23,VIC,201.0,214.7,200.0,214.0,4235400
2026-07-23,VHM,126.7,133.5,126.6,132.0,4573000
2026-07-23,HPG,20.7,21.0,20.15,20.8,36967600
2026-07-23,TCB,29.05,29.95,28.35,29.25,16985100
2026-07-23,MBB,22.3,22.7,21.6,22.05,20982400
2026-07-23,VNM,59.1,59.1,56.9,57.8,4827500
2026-07-23,FPT,65.0,65.7,64.2,64.7,6287300
2026-07-23,MSN,63.9,64.6,61.7,64.0,5065800
2026-07-23,BID,35.6,36.7,34.7,36.0,5729973
2026-07-24,VCB,54.0,55.3,53.2,54.1,2515532
2026-07-24,VIC,209.5,213.6,208.9,213.1,2599400
2026-07-24,VHM,129.5,131.9,128.5,130.0,2883200
2026-07-24,HPG,20.7,21.0,20.6,20.8,17632000
2026-07-24,TCB,28.9,29.2,28.5,28.6,10695100
2026-07-24,MBB,22.05,22.1,21.7,21.9,10335400
2026-07-24,VNM,58.5,59.5,58.3,58.9,4176800
2026-07-24,FPT,64.3,64.5,62.8,62.9,5804800
2026-07-24,MSN,63.9,64.0,62.8,63.9,3341400
2026-07-24,BID,36.0,36.75,35.55,36.0,2975143
2026-07-27,VCB,54.5,54.8,53.5,54.0,2605658
2026-07-27,VIC,215.0,215.0,210.9,213.5,2911700
2026-07-27,VHM,130.6,133.9,129.0,131.0,3707500
2026-07-27,HPG,20.9,21.0,20.3,20.35,18166800
2026-07-27,TCB,28.7,29.05,28.25,28.25,10295400
2026-07-27,MBB,21.95,22.2,21.65,21.65,13775200
2026-07-27,VNM,59.2,59.8,57.9,57.9,3671400
2026-07-27,FPT,63.1,63.7,62.2,62.2,4449500
2026-07-27,MSN,65.0,65.1,63.5,63.9,4605200
2026-07-27,BID,36.3,36.4,34.7,34.7,3571748
2026-07-28,VCB,53.7,54.6,53.3,54.1,2621120
2026-07-28,VIC,210.0,213.8,209.7,213.8,2751800
2026-07-28,VHM,130.0,132.3,128.9,131.9,2674400
2026-07-28,HPG,20.15,21.0,20.1,21.0,29151700
2026-07-28,TCB,28.15,28.6,27.8,28.5,10441600
2026-07-28,MBB,21.5,22.15,21.35,22.15,17345000
2026-07-28,VNM,57.7,59.6,57.7,59.6,5256600
2026-07-28,FPT,61.9,63.7,61.5,63.0,5399400
2026-07-28,MSN,63.2,66.4,63.2,65.7,5574000
2026-07-28,BID,34.5,35.65,34.35,35.1,2780417
2026-07-29,VCB,54.2,54.7,54.0,54.6,2079079
2026-07-29,VIC,214.1,222.5,210.4,219.4,4951600
2026-07-29,VHM,132.5,141.1,131.9,140.0,6570600
2026-07-29,HPG,21.05,21.65,20.9,21.65,36250000
2026-07-29,TCB,28.15,28.55,28.15,28.4,8541800
2026-07-29,MBB,22.2,22.2,21.95,22.1,8827700
2026-07-29,VNM,59.9,61.0,59.4,60.0,6199800
2026-07-29,FPT,63.0,65.3,62.5,65.1,6114000
2026-07-29,MSN,65.8,66.6,65.1,66.3,3692600
2026-07-29,BID,35.35,35.75,35.15,35.45,2232229
2026-07-30,VCB,55.0,56.7,54.7,56.5,5439189
2026-07-30,VIC,216.5,220.7,216.5,220.0,4809100
2026-07-30,VHM,142.4,147.9,140.1,147.9,5883600
2026-07-30,HPG,21.65,22.05,21.5,21.8,29968000
2026-07-30,TCB,28.6,29.75,28.4,29.3,19699200
2026-07-30,MBB,22.05,22.6,22.05,22.5,11202100
2026-07-30,VNM,60.3,61.4,59.8,61.2,6944300
2026-07-30,FPT,65.2,67.2,64.8,67.0,7571500
2026-07-30,MSN,66.0,68.1,65.9,67.9,4858200
2026-07-30,BID,35.6,37.3,35.5,37.25,6603800
2026-07-31,VCB,57.7,60.4,57.3,59.3,18337788
2026-07-31,VIC,223.8,223.8,214.1,214.1,4372800
2026-07-31,VHM,154.0,154.0,144.6,148.1,5810400
2026-07-31,HPG,21.8,21.85,21.4,21.7,24111500
2026-07-31,TCB,29.55,29.55,28.95,28.95,11594700
2026-07-31,MBB,22.85,23.15,22.5,22.5,12050200
2026-07-31,VNM,61.2,61.3,60.1,60.9,4479800
2026-07-31,FPT,67.2,67.9,66.5,67.1,6253600
2026-07-31,MSN,67.9,67.9,66.1,66.1,3736800
2026-07-31,BID,37.35,39.4,37.1,38.0,9566200
2026-08-03,VCB,59.6,61.0,59.3,60.8,7671066
2026-08-03,VIC,216.0,216.3,212.0,213.0,4179900
2026-08-03,VHM,148.7,149.7,145.1,148.0,5312800
2026-08-03,HPG,21.7,22.65,21.65,22.55,44448000
2026-08-03,TCB,29.15,30.3,29.15,29.95,13434400
2026-08-03,MBB,22.75,24.05,22.75,24.0,22735100
2026-08-03,VNM,60.9,61.0,60.0,60.3,6377600
2026-08-03,FPT,67.4,71.7,67.3,71.7,16279100
2026-08-03,MSN,66.5,68.3,66.4,68.2,4348300
2026-08-03,BID,38.3,39.0,38.2,38.25,4506700
2026-08-04,VCB,60.9,60.9,59.6,60.0,5107285
2026-08-04,VIC,214.0,221.5,212.4,218.0,5187600
2026-08-04,VHM,148.2,153.3,146.8,152.9,6338600
2026-08-04,HPG,22.55,22.6,22.1,22.15,22694000
2026-08-04,TCB,29.9,29.95,29.55,29.65,9310400
2026-08-04,MBB,24.1,24.45,24.0,24.4,16987000
2026-08-04,VNM,60.4,60.4,59.0,59.5,5531900
2026-08-04,FPT,72.4,73.3,71.3,71.5,6584300
2026-08-04,MSN,68.4,68.6,67.7,68.4,3115600
2026-08-04,BID,38.4,38.5,37.85,38.0,3977900
2026-08-05,VCB,60.2,60.6,59.2,59.3,3663100
2026-08-05,VIC,218.6,221.6,218.6,220.0,6228400
2026-08-05,VHM,77.1,79.4,76.5,76.5,10722235
2026-08-05,HPG,22.35,22.6,21.95,22.0,27963700
2026-08-05,TCB,29.9,30.05,29.55,29.65,12029900
2026-08-05,MBB,24.5,24.5,24.05,24.3,14039700
2026-08-05,VNM,59.4,60.1,58.6,58.6,5288700
2026-08-05,FPT,72.2,72.2,70.2,70.3,6877600
2026-08-05,MSN,68.8,69.4,67.0,67.2,4183900
2026-08-05,BID,38.4,38.7,37.9,38.0,3378700
2026-08-06,VCB,59.5,59.5,58.5,59.0,2962800
2026-08-06,VIC,219.0,222.0,218.6,218.8,4794300
2026-08-06,VHM,81.7,81.7,76.8,77.1,16902474
2026-08-06,HPG,22.25,22.3,21.85,21.85,14369400
2026-08-06,TCB,29.7,29.75,29.2,29.2,11006100
2026-08-06,MBB,24.3,24.35,23.8,23.9,9531400
2026-08-06,VNM,58.7,59.6,58.6,59.0,3231300
2026-08-06,FPT,70.4,71.4,70.4,70.7,4629700
2026-08-06,MSN,67.5,67.5,66.4,66.5,2286900
2026-08-06,BID,38.1,38.3,37.9,37.9,2715100
2026-08-07,VCB,58.7,60.8,58.7,59.7,6522200
2026-08-07,VIC,218.4,218.4,212.3,215.0,5350500
2026-08-07,VHM,75.3,76.8,73.0,73.0,9164067
2026-08-07,HPG,21.9,22.3,21.75,22.0,13018100
2026-08-07,TCB,29.15,29.7,28.9,29.7,22690400
2026-08-07,MBB,23.9,24.35,23.85,24.15,9472600
2026-08-07,VNM,59.0,63.1,59.0,62.0,13239500
2026-08-07,FPT,71.1,71.7,70.3,70.8,4301800
2026-08-07,MSN,66.3,67.8,66.2,67.4,3169000
2026-08-07,BID,37.9,39.4,37.9,39.05,8649000
2026-08-10,VCB,60.3,60.5,59.8,60.3,2714200
2026-08-10,VIC,213.6,215.1,208.1,208.5,4429400
2026-08-10,VHM,72.8,72.8,70.8,71.6,8298645
2026-08-10,HPG,22.25,22.3,21.95,22.1,16732700
2026-08-10,TCB,29.7,31.35,29.5,31.35,34812900
2026-08-10,MBB,20.12,20.37,19.95,20.2,28501854
2026-08-10,VNM,61.6,62.7,61.6,62.1,3480200
2026-08-10,FPT,70.9,72.0,70.7,71.8,5252100
2026-08-10,MSN,67.4,68.1,66.9,67.7,3056100
2026-08-10,BID,39.55,39.75,39.25,39.5,3020100
2026-08-11,VCB,60.5,60.8,59.6,59.8,4065600
2026-08-11,VIC,209.2,211.5,205.5,208.5,4985100
2026-08-11,VHM,71.6,74.0,71.2,72.1,8303659
2026-08-11,HPG,22.2,22.25,22.05,22.05,13694600
2026-08-11,TCB,31.15,31.55,30.7,31.0,18021000
2026-08-11,MBB,20.5,20.55,20.35,20.35,18802529
2026-08-11,VNM,62.5,63.3,61.8,62.0,4475100
2026-08-11,FPT,71.6,73.1,71.0,71.2,6936800
2026-08-11,MSN,67.8,68.2,67.1,67.1,2876400
2026-08-11,BID,39.5,39.9,39.1,39.1,4831900
2026-08-12,VCB,59.9,60.3,59.6,59.7,2384500
2026-08-12,VIC,208.7,215.8,207.5,215.5,5299800
2026-08-12,VHM,72.9,75.5,72.0,73.8,6551194
2026-08-12,HPG,22.0,22.35,21.95,22.1,15925100
2026-08-12,TCB,31.0,31.5,30.9,31.5,15306400
2026-08-12,MBB,20.4,20.5,20.35,20.45,8978677
2026-08-12,VNM,61.9,62.5,61.4,61.8,2755600
2026-08-12,FPT,71.2,71.9,70.6,70.8,3685600
2026-08-12,MSN,67.2,67.8,66.9,67.2,2039300
2026-08-12,BID,39.1,39.5,38.95,39.25,2699800
2026-08-13,VCB,59.9,60.5,59.1,59.5,4579700
2026-08-13,VIC,215.0,215.6,207.5,207.9,5537700
2026-08-13,VHM,74.0,74.0,71.8,71.8,7812315
2026-08-13,HPG,22.2,22.25,21.7,21.7,25702700
2026-08-13,TCB,31.5,32.1,31.3,31.7,33919400
2026-08-13,MBB,20.5,20.55,20.15,20.15,11733683
2026-08-13,VNM,61.8,63.0,61.5,61.6,4257000
2026-08-13,FPT,71.0,71.3,69.2,69.2,7458000
2026-08-13,MSN,67.5,68.3,67.4,67.6,5681100
2026-08-13,BID,39.1,39.6,38.85,38.85,5660200
2026-08-14,VCB,59.5,59.6,58.5,58.5,4805500
2026-08-17,VCB,58.3,58.9,58.2,58.2,2745300
2026-08-18,VCB,58.2,59.0,57.7,58.0,2888000
2026-08-19,VCB,58.0,58.2,57.2,57.4,3770600
2026-08-20,VCB,57.8,58.1,57.3,57.8,3006600
2026-08-14,VIC,208.0,208.1,195.0,200.4,7976400
2026-08-17,VIC,200.4,200.4,194.6,198.0,6484400
2026-08-18,VIC,198.0,203.9,197.5,200.0,4301900
2026-08-19,VIC,200.0,200.9,199.2,200.0,5248400
2026-08-20,VIC,201.8,204.2,201.0,202.0,5246400
2026-08-14,VHM,71.8,71.8,68.0,68.2,12180828
2026-08-17,VHM,68.0,69.8,66.6,68.2,5001280
2026-08-18,VHM,68.5,70.6,68.3,69.2,4835288
2026-08-19,VHM,69.4,69.8,68.6,69.1,2613600
2026-08-20,VHM,69.6,70.5,69.1,69.5,4626100
2026-08-14,HPG,21.7,21.8,21.2,21.25,27443600
2026-08-17,HPG,21.25,21.45,21.05,21.2,18455500
2026-08-18,HPG,21.15,21.4,21.0,21.0,16367500
2026-08-19,HPG,21.1,21.2,20.9,21.2,15312500
2026-08-20,HPG,21.25,21.45,21.15,21.15,15156400
2026-08-14,TCB,31.7,32.15,31.45,32.0,15485400
2026-08-17,TCB,31.85,32.05,31.6,31.8,10961200
2026-08-18,TCB,31.85,31.85,30.6,30.85,14744200
2026-08-19,TCB,30.65,31.1,30.65,31.0,8372700
2026-08-20,TCB,31.2,31.3,30.85,31.0,6415500
2026-08-14,MBB,20.15,20.25,20.0,20.0,11953741
2026-08-17,MBB,20.0,20.2,19.9,19.9,7694688
2026-08-18,MBB,19.9,20.05,19.85,19.95,7121202
2026-08-19,MBB,19.95,20.0,19.85,19.95,5093520
2026-08-20,MBB,20.0,20.35,20.0,20.3,10937391
2026-08-14,VNM,61.6,62.6,61.0,61.6,3663300
2026-08-17,VNM,61.7,63.0,61.7,62.2,2965800
2026-08-18,VNM,62.2,62.6,61.8,62.1,1844100
2026-08-19,VNM,61.9,63.2,61.6,63.1,4664900
2026-08-20,VNM,63.1,64.3,62.7,64.0,6309900
2026-08-14,FPT,69.3,69.6,68.0,68.3,7123800
2026-08-17,FPT,68.4,69.4,68.4,68.8,4104500
2026-08-18,FPT,68.8,69.3,68.2,69.0,3383800
2026-08-19,FPT,69.0,69.2,68.6,68.9,1821000
2026-08-20,FPT,69.1,70.3,69.1,69.8,4468100
2026-08-14,MSN,67.4,67.9,65.8,66.3,6325400
2026-08-17,MSN,66.3,66.9,65.9,66.9,3306800
2026-08-18,MSN,66.9,67.3,66.1,66.8,2283000
2026-08-19,MSN,66.7,66.8,65.5,66.4,3507000
2026-08-20,MSN,66.5,68.9,66.3,68.1,7132100
2026-08-14,BID,36.22,36.41,35.52,35.8,4744826
2026-08-17,BID,36.0,36.2,35.6,35.9,2598407
2026-08-18,BID,36.0,36.4,35.9,36.0,2502339
2026-08-19,BID,36.0,36.0,35.5,35.7,2174461
2026-08-20,BID,35.9,36.1,35.55,35.85,2155142
